student_id,semester,attendance_pct,internal_pct,practical_pct,assignments_submitted,previous_sgpa,backlog_count,average_marks,consistency,improvement_rate,final_percentage,at_risk
SYN0001,5,72.29,59.02,50.69,6,6.0,0,54.78,3.4,-4.49,54.73,0
SYN0002,7,62.62,43.24,45.67,3,0.0,0,44.56,1.0,19.48,44.65,0
SYN0003,4,95.66,57.93,43.89,7,8.0,0,52.79,6.32,-20.29,54.29,0
SYN0004,7,98.77,77.11,63.96,7,7.0,0,66.18,8.17,-0.04,62.69,0
SYN0005,6,50.63,27.25,51.05,2,0.0,1,35.86,10.77,-3.59,33.23,1
SYN0006,2,58.2,60.3,41.89,3,0.0,1,37.7,20.38,0.32,26.98,1
SYN0007,5,81.32,51.17,47.49,9,6.0,0,52.63,4.9,-4.56,55.27,0
SYN0008,3,59.4,36.39,41.43,5,0.0,0,41.84,4.62,29.33,44.18,0
SYN0009,5,73.12,52.74,45.61,4,7.0,0,50.05,3.16,-10.67,50.76,0
SYN0010,4,61.2,33.25,38.63,3,5.0,0,41.88,8.68,3.42,46.63,0
SYN0011,7,82.27,53.12,55.29,7,5.0,0,48.36,8.32,-3.5,43.68,0
SYN0012,8,70.89,63.64,68.47,7,7.0,0,55.76,14.69,-17.07,47.53,0
SYN0013,5,56.68,58.39,31.92,6,6.0,0,48.72,11.92,-0.65,51.57,0
SYN0014,5,63.37,56.8,71.51,8,6.0,0,64.41,6.01,14.45,64.62,0
SYN0015,6,65.11,66.56,50.99,5,6.0,0,58.96,6.36,0.82,59.1,0
SYN0016,6,57.24,55.53,45.51,5,5.0,0,45.41,8.31,-5.42,41.32,0
SYN0017,6,71.5,70.1,41.74,5,7.0,0,58.8,12.28,0.16,61.11,0
SYN0018,7,77.76,48.29,54.94,3,5.0,0,51.78,2.73,11.27,51.92,0
SYN0019,8,89.39,74.27,73.14,6,7.0,0,71.91,2.57,7.04,70.48,0
SYN0020,7,61.12,32.91,60.34,4,0.0,0,46.92,11.2,12.02,47.16,0
SYN0021,2,71.51,47.25,31.72,7,6.0,0,33.61,10.44,-24.97,28.92,1
SYN0022,5,59.55,36.99,52.34,5,6.0,0,47.55,7.48,-2.41,49.86,0
SYN0023,5,80.46,65.13,67.47,9,5.0,0,71.55,7.49,26.61,75.75,0
SYN0024,5,70.36,45.0,31.03,5,6.0,0,44.69,11.02,-7.23,50.02,0
SYN0025,5,71.42,46.43,45.58,6,5.0,0,42.31,5.23,-0.74,39.36,1
SYN0026,7,63.58,67.64,50.65,3,0.0,1,58.11,7.09,32.84,57.28,0
SYN0027,4,85.41,55.61,61.95,7,0.0,0,62.21,5.5,25.6,64.96,0
SYN0028,3,63.82,59.85,56.05,6,7.0,0,64.02,8.72,3.7,68.87,0
SYN0029,5,74.65,53.84,57.8,7,8.0,0,52.23,5.32,-25.9,49.37,0
SYN0030,7,98.16,57.09,70.99,7,0.0,0,60.6,7.47,28.26,57.85,0
SYN0031,4,94.58,72.82,86.06,7,7.0,0,81.93,6.45,17.96,83.92,0
SYN0032,2,78.97,52.78,14.54,3,0.0,0,38.23,16.9,10.81,41.89,0
SYN0033,8,65.8,58.94,41.48,4,8.0,0,43.75,11.59,-34.13,38.58,1
SYN0034,3,67.06,60.86,40.03,5,0.0,0,49.34,8.65,10.6,48.45,0
SYN0035,6,76.2,61.21,37.43,7,7.0,0,55.02,12.62,-1.76,59.58,0
SYN0036,7,80.51,68.93,63.08,5,7.0,0,66.07,2.39,3.73,66.12,0
SYN0037,3,62.1,39.6,62.85,4,5.0,0,51.81,9.53,9.3,52.28,0
SYN0038,4,65.44,43.26,29.61,3,6.0,2,36.97,5.62,-14.85,37.41,1
SYN0039,3,54.06,53.69,45.43,4,8.0,1,53.31,6.29,-20.61,56.32,0
SYN0040,3,83.06,67.11,46.99,5,7.0,0,53.9,9.34,-15.15,51.38,0
SYN0041,3,87.8,61.45,50.64,5,6.0,0,54.96,4.67,1.23,54.09,0
SYN0042,3,79.25,66.28,72.2,5,8.0,0,65.55,5.75,-10.05,62.59,0
SYN0043,5,60.8,50.72,37.41,5,5.0,0,47.69,7.47,9.84,50.59,0
SYN0044,5,76.8,66.43,57.8,4,0.0,0,53.02,13.34,15.33,45.74,0
SYN0045,2,68.74,56.21,30.93,6,8.0,0,41.0,10.94,-33.17,38.95,1
SYN0046,7,80.99,50.74,73.06,7,8.0,0,50.48,18.55,-32.27,41.34,0
SYN0047,6,62.88,63.92,65.99,5,9.0,0,64.1,1.48,-26.53,63.41,0
SYN0048,2,69.6,25.04,50.62,6,5.0,0,38.43,10.48,-5.12,38.92,1
SYN0049,7,59.44,62.55,63.69,8,6.0,0,60.3,4.02,3.44,58.04,0
SYN0050,2,57.55,16.36,35.49,5,6.0,0,37.59,18.25,-12.55,46.92,0
SYN0051,5,85.58,37.74,66.31,5,6.0,0,50.23,11.94,-7.94,48.79,0
SYN0052,5,84.92,62.78,53.3,8,5.0,0,59.39,4.31,11.46,60.47,0
SYN0053,5,48.67,42.99,32.9,3,0.0,1,35.34,5.53,33.25,33.25,1
SYN0054,8,53.45,37.51,41.57,7,5.0,0,45.16,8.12,3.24,49.66,0
SYN0055,8,38.73,40.56,39.02,5,7.0,0,43.87,5.8,-13.88,47.14,0
SYN0056,3,58.76,59.77,51.3,4,0.0,1,48.64,10.35,16.62,43.12,0
SYN0057,6,89.22,44.72,50.25,6,7.0,0,46.99,2.36,-20.88,46.6,0
SYN0058,8,89.76,88.98,73.02,8,8.0,0,81.67,6.59,8.7,82.2,0
SYN0059,7,56.26,43.87,41.2,6,6.0,0,43.76,2.05,-13.11,44.75,0
SYN0060,8,84.56,65.58,66.02,6,8.0,0,58.85,9.82,-21.86,53.29,0
SYN0061,5,38.75,52.21,28.19,3,0.0,2,40.08,9.81,12.05,39.98,1
SYN0062,3,64.14,50.3,71.34,5,0.0,0,51.67,15.53,14.61,44.36,0
SYN0063,5,72.89,43.74,34.75,7,6.0,0,50.1,15.79,3.53,58.79,0
SYN0064,7,75.62,56.73,70.27,5,7.0,0,66.28,6.78,-1.03,68.51,0
SYN0065,8,84.81,58.67,72.74,8,6.0,0,65.07,5.81,8.06,64.57,0
SYN0066,6,81.65,46.17,49.18,7,6.0,0,52.8,7.36,2.02,56.91,0
SYN0067,6,72.69,46.29,71.2,3,0.0,0,54.03,12.16,26.53,50.26,0
SYN0068,5,59.3,40.34,56.44,6,7.0,0,50.52,7.23,-17.19,52.22,0
SYN0069,4,87.3,69.68,69.91,10,9.0,0,65.52,6.04,-23.01,62.1,0
SYN0070,4,82.97,50.71,48.62,7,6.0,0,50.53,1.49,-5.59,51.23,0
SYN0071,5,48.3,37.13,34.64,6,6.0,2,39.77,5.58,-7.45,42.87,0
SYN0072,7,50.52,40.26,36.21,4,6.0,1,35.69,3.96,-18.72,33.65,1
SYN0073,5,72.76,45.6,45.03,2,5.0,3,41.03,6.07,-6.78,37.6,1
SYN0074,7,73.75,63.14,70.88,4,6.0,0,58.65,12.23,-3.6,51.97,0
SYN0075,2,84.42,43.57,53.78,6,0.0,0,45.57,6.05,9.31,43.09,0
SYN0076,7,73.5,48.41,47.46,6,10.0,0,43.96,5.63,-53.72,40.78,0
SYN0077,5,78.95,59.15,54.93,4,0.0,0,56.64,1.81,16.6,56.33,0
SYN0078,8,73.13,49.6,62.08,6,6.0,0,62.87,11.17,11.83,68.49,0
SYN0079,5,79.13,44.04,64.01,7,7.0,0,61.86,13.76,2.52,68.13,0
SYN0080,5,81.17,53.67,55.28,3,5.0,0,45.2,13.13,-3.88,37.78,1
SYN0081,2,71.79,61.22,52.07,6,7.0,0,59.9,5.93,-7.12,62.5,0
SYN0082,7,54.95,30.54,33.2,7,0.0,1,41.93,14.27,23.66,49.97,0
SYN0083,6,62.49,51.01,36.97,4,6.0,0,43.06,5.88,-12.4,42.32,0
SYN0084,8,70.4,55.89,28.34,6,6.0,2,44.16,11.61,-13.72,45.79,0
SYN0085,2,43.77,44.46,40.47,3,0.0,0,31.99,14.9,-15.2,23.62,1
SYN0086,3,81.1,63.19,54.45,7,6.0,0,59.48,3.69,1.03,60.02,0
SYN0087,8,60.57,33.65,40.58,6,7.0,0,35.42,3.7,-28.53,34.07,1
SYN0088,2,80.76,55.63,17.92,7,6.0,0,42.6,17.46,-8.72,47.26,0
SYN0089,5,53.75,53.79,41.58,7,6.0,0,44.11,7.1,-15.39,41.26,0
SYN0090,4,67.86,51.66,67.27,5,6.0,0,60.95,6.71,5.61,62.14,0
SYN0091,8,62.04,67.29,49.91,8,9.0,0,63.34,9.76,-19.0,67.12,0
SYN0092,7,61.84,66.05,53.24,4,5.0,0,53.14,10.58,0.06,47.94,0
SYN0093,8,68.13,66.08,30.6,5,0.0,0,42.77,16.49,13.66,38.32,1
SYN0094,4,67.86,64.58,65.3,6,5.0,0,50.8,20.0,-3.74,39.48,1
SYN0095,6,50.47,34.9,31.17,4,5.0,1,31.29,2.91,-19.44,29.89,1
SYN0096,6,53.82,41.83,38.44,4,0.0,0,35.62,6.54,-4.42,32.0,1
SYN0097,8,58.37,47.17,62.13,3,5.0,0,41.59,19.45,-10.15,31.14,1
SYN0098,2,50.85,43.84,56.61,2,0.0,0,48.62,5.68,15.05,47.34,0
SYN0099,8,80.82,57.35,51.09,7,8.0,0,52.96,3.11,-20.24,51.95,0
SYN0100,4,66.85,51.74,34.36,5,0.0,0,37.58,10.5,-4.2,33.21,1
SYN0101,2,69.83,47.98,42.79,7,5.0,0,43.51,3.4,-5.76,42.0,0
SYN0102,6,88.82,57.38,69.42,7,9.0,0,69.27,9.65,-8.49,73.97,0
SYN0103,7,69.26,44.64,45.44,3,6.0,0,48.38,4.74,-6.44,51.05,0
SYN0104,2,96.29,65.62,53.62,8,5.0,0,59.3,4.92,9.29,59.04,0
SYN0105,2,59.81,43.27,56.73,4,0.0,1,49.45,5.55,26.09,49.01,0
SYN0106,8,65.4,53.63,46.91,6,0.0,0,44.83,8.17,3.25,40.47,0
SYN0107,8,53.64,49.78,65.72,3,7.0,1,52.01,10.41,-14.3,47.41,0
SYN0108,3,57.48,45.2,47.77,7,0.0,0,47.44,1.71,21.81,48.2,0
SYN0109,8,67.84,67.83,78.68,6,8.0,0,67.33,9.48,-9.59,62.59,0
SYN0110,8,44.34,39.41,36.27,3,0.0,1,37.37,1.44,13.3,36.99,1
SYN0111,8,74.18,44.02,65.41,6,6.0,0,52.0,9.54,-8.69,49.83,0
SYN0112,3,75.78,68.91,44.8,5,5.0,0,58.23,10.03,15.34,59.33,0
SYN0113,6,64.58,41.49,34.73,5,0.0,1,42.59,6.91,8.96,46.17,0
SYN0114,8,48.37,21.77,40.32,6,0.0,1,20.69,16.48,-18.2,12.42,1
SYN0115,8,79.15,42.44,61.92,5,7.0,0,57.4,10.85,-6.06,61.58,0
SYN0116,6,71.45,36.91,45.24,5,5.0,0,29.22,17.1,-27.86,19.74,1
SYN0117,3,71.28,54.96,38.57,2,5.0,0,46.6,6.69,3.02,46.48,0
SYN0118,2,64.65,49.67,35.56,6,6.0,0,50.11,12.06,-2.69,56.1,0
SYN0119,3,91.89,64.21,51.26,7,8.0,0,60.69,6.74,-11.41,63.05,0
SYN0120,2,69.5,56.1,28.37,4,7.0,0,38.01,12.8,-28.85,34.63,1
SYN0121,3,46.62,45.77,40.86,6,0.0,0,37.21,8.86,18.2,32.33,1
SYN0122,2,71.55,57.08,64.54,5,6.0,0,62.87,4.22,8.71,64.52,0
SYN0123,7,74.95,58.41,52.44,6,7.0,0,46.67,12.62,-21.89,39.67,1
SYN0124,6,76.34,71.41,39.57,7,7.0,0,64.49,18.19,6.7,71.69,0
SYN0125,5,80.69,39.14,56.89,4,6.0,0,52.28,9.43,-3.81,55.69,0
SYN0126,7,60.92,51.98,52.22,5,0.0,0,48.16,5.57,5.26,45.01,0
SYN0127,4,97.54,44.45,88.57,9,10.0,0,64.83,18.17,-30.7,63.49,0
SYN0128,4,69.17,41.15,21.91,1,6.0,0,29.02,8.62,-29.11,27.02,1
SYN0129,3,61.37,46.01,39.35,4,0.0,1,46.82,6.45,26.01,50.12,0
SYN0130,5,63.93,53.76,59.43,4,7.0,1,54.36,3.91,-17.21,52.58,0
SYN0131,3,44.56,60.33,51.2,7,0.0,0,45.33,15.22,2.79,36.99,1
SYN0132,6,45.58,41.01,42.18,5,6.0,2,37.64,5.61,-17.01,34.48,1
SYN0133,8,74.26,53.29,58.17,6,7.0,0,53.12,4.19,-10.54,51.03,0
SYN0134,5,58.34,54.92,51.62,7,0.0,0,57.4,5.99,26.92,60.7,0
SYN0135,4,61.43,32.8,43.56,2,5.0,0,30.89,11.21,-18.82,25.05,1
SYN0136,6,77.71,42.44,30.83,5,0.0,0,44.48,12.06,16.41,50.75,0
SYN0137,7,62.97,65.07,63.22,4,6.0,0,61.04,4.46,6.3,58.56,0
SYN0138,5,71.48,54.67,43.91,8,7.0,0,48.34,4.59,-20.75,47.59,0
SYN0139,3,93.19,79.43,74.68,8,10.0,0,73.59,5.27,-23.55,70.81,0
SYN0140,6,100.0,81.77,76.97,8,9.0,0,76.11,5.02,-7.13,73.5,0
SYN0141,3,63.61,46.63,47.83,6,5.0,0,44.79,3.49,0.14,42.83,0
SYN0142,8,62.25,52.44,39.76,5,6.0,0,44.35,5.74,-14.06,42.95,0
SYN0143,4,64.52,38.72,21.28,2,0.0,3,23.32,11.83,-5.24,17.97,1
SYN0144,4,58.22,55.79,41.3,7,7.0,0,41.15,12.01,-30.11,35.24,1
SYN0145,7,50.32,36.77,37.96,4,0.0,0,37.18,0.55,8.59,37.03,1
SYN0146,2,62.17,39.62,33.84,6,0.0,0,32.18,6.85,1.53,28.54,1
SYN0147,3,59.25,40.95,47.48,5,0.0,0,40.94,5.35,3.62,38.31,1
SYN0148,2,76.15,56.27,36.18,5,5.0,0,43.48,9.07,0.03,41.29,0
SYN0149,4,83.56,52.88,69.22,7,7.0,0,58.35,7.68,-13.66,56.2,0
SYN0150,5,55.96,58.08,38.94,6,7.0,0,58.81,16.53,-1.59,67.04,0
SYN0151,3,73.29,38.26,42.42,6,5.0,0,43.67,5.01,1.27,46.33,0
SYN0152,4,54.33,40.22,32.66,7,7.0,1,38.38,4.13,-22.19,39.93,1
SYN0153,7,64.35,37.22,47.46,4,5.0,1,31.0,16.58,-27.59,21.92,1
SYN0154,8,59.59,71.98,48.88,6,5.0,0,52.67,14.47,2.07,46.47,0
SYN0155,2,64.01,37.91,47.41,10,0.0,0,46.33,6.47,13.46,49.26,0
SYN0156,6,93.56,83.89,74.17,9,9.0,1,72.49,10.07,-14.48,67.25,0
SYN0157,2,78.52,54.95,28.48,6,6.0,0,49.43,15.36,1.53,55.61,0
SYN0158,5,84.55,65.75,60.05,8,7.0,0,57.82,7.55,-8.93,53.75,0
SYN0159,8,49.94,48.59,67.08,4,0.0,0,52.49,10.69,21.01,48.21,0
SYN0160,7,62.82,45.27,39.43,3,0.0,0,38.12,6.44,11.35,34.74,1
SYN0161,3,50.95,41.4,41.01,4,0.0,2,41.49,0.43,24.82,41.71,0
SYN0162,3,64.88,59.78,48.79,5,6.0,0,47.68,10.36,-17.45,42.4,0
SYN0163,7,79.62,68.07,82.29,8,6.0,0,74.63,5.86,16.76,74.18,0
SYN0164,7,65.77,55.64,19.79,5,7.0,0,38.0,14.64,-31.48,38.23,1
SYN0165,3,71.76,53.81,40.51,8,6.0,0,48.78,5.89,-5.12,50.07,0
SYN0166,2,49.37,42.93,43.22,5,0.0,2,44.37,1.84,11.69,45.41,0
SYN0167,5,86.41,50.42,52.12,7,7.0,0,56.11,6.87,-4.35,59.98,0
SYN0168,6,76.48,60.45,68.74,5,8.0,0,61.38,5.66,-11.86,58.82,0
SYN0169,5,63.15,65.15,45.2,7,6.0,0,51.46,9.69,-5.61,48.48,0
SYN0170,8,82.94,51.04,28.6,7,5.0,0,47.0,13.68,8.83,52.75,0
SYN0171,7,59.52,43.95,29.54,3,0.0,1,38.02,6.15,28.69,39.04,1
SYN0172,7,75.23,45.34,24.69,6,5.0,0,40.96,11.91,-1.31,45.73,0
SYN0173,2,67.99,45.54,42.99,5,5.0,0,45.31,1.81,3.69,46.15,0
SYN0174,7,51.98,24.51,35.48,5,0.0,0,39.61,14.32,35.87,47.31,0
SYN0175,7,61.25,30.8,32.34,5,0.0,0,27.29,6.08,-14.3,23.87,1
SYN0176,4,67.29,56.12,63.96,6,0.0,0,61.22,3.61,28.7,62.16,0
SYN0177,6,83.02,80.55,79.91,9,7.0,0,68.76,16.21,-4.54,59.59,0
SYN0178,7,84.23,81.83,50.09,6,5.0,0,62.72,13.74,16.62,60.13,0
SYN0179,8,59.7,45.2,25.58,5,0.0,0,47.11,18.41,16.49,56.49,0
SYN0180,5,51.56,69.3,60.06,6,8.0,0,63.55,4.1,-7.98,62.64,0
SYN0181,2,98.38,67.18,69.99,7,7.0,0,68.85,1.21,7.36,69.07,0
SYN0182,6,95.53,52.79,55.98,6,8.0,0,51.88,3.79,-21.16,49.86,0
SYN0183,6,62.38,52.58,56.82,3,5.0,1,52.13,4.03,0.57,50.06,0
SYN0184,2,64.37,63.44,48.99,7,8.0,0,57.98,6.4,-19.69,59.39,0
SYN0185,7,71.96,57.42,76.86,6,6.0,0,60.23,12.58,-0.46,54.71,0
SYN0186,3,83.7,62.86,55.72,7,7.0,0,61.58,4.36,-4.41,63.41,0
SYN0187,8,70.5,39.98,60.45,6,6.0,0,52.23,8.83,-0.09,53.85,0
SYN0188,5,47.55,25.01,19.0,4,5.0,0,23.62,3.34,-15.26,24.9,1
SYN0189,4,61.29,45.6,25.84,2,0.0,1,32.01,9.62,-7.24,29.05,1
SYN0190,2,92.19,65.28,84.15,6,7.0,0,67.69,12.58,-4.48,62.06,0
SYN0191,2,74.78,62.79,65.36,8,7.0,0,68.47,6.31,9.2,71.99,0
SYN0192,7,74.73,50.56,57.67,6,6.0,0,54.89,3.1,-2.32,55.51,0
SYN0193,4,84.79,56.47,48.92,7,0.0,0,51.77,3.35,11.09,51.03,0
SYN0194,7,87.05,68.03,64.34,9,7.0,0,71.32,7.41,9.91,75.43,0
SYN0195,3,55.75,35.01,53.79,2,0.0,1,42.72,8.03,6.19,41.37,0
SYN0196,8,59.72,55.87,38.39,4,5.0,1,46.71,7.16,4.51,46.37,0
SYN0197,8,82.53,74.17,37.4,7,7.0,0,58.25,15.41,-8.49,60.22,0
SYN0198,2,50.62,53.36,37.36,5,5.0,0,45.43,6.53,0.53,45.49,0
SYN0199,6,71.73,61.89,56.31,6,5.0,0,54.25,7.23,4.66,50.36,0
SYN0200,8,65.09,63.05,52.95,4,7.0,0,64.77,10.43,6.03,70.19,0
SYN0201,4,90.44,66.74,36.57,6,5.0,0,51.0,12.35,4.86,50.47,0
SYN0202,2,83.37,71.85,56.97,8,5.0,0,62.85,6.46,12.51,61.6,0
SYN0203,8,86.25,59.05,44.84,7,7.0,0,54.04,6.51,-12.37,55.72,0
SYN0204,5,67.06,63.58,52.98,5,5.0,0,59.69,4.76,12.99,60.81,0
SYN0205,2,54.26,21.54,13.84,2,0.0,0,14.67,5.3,-7.27,12.26,1
SYN0206,7,72.67,58.74,42.88,2,6.0,0,55.71,9.48,7.68,59.63,0
SYN0207,6,53.71,30.55,33.52,4,7.0,0,34.74,4.02,-24.16,36.91,1
SYN0208,2,59.22,32.55,46.11,3,0.0,0,33.7,9.7,-4.3,29.19,1
SYN0209,3,72.08,56.81,50.07,3,0.0,1,54.43,3.09,39.7,55.22,0
SYN0210,2,63.91,57.39,45.22,5,5.0,0,52.75,5.37,11.38,53.9,0
SYN0211,8,64.6,75.87,55.51,7,5.0,0,59.14,12.44,4.8,53.91,0
SYN0212,2,56.35,36.75,38.04,1,6.0,0,44.49,10.05,-0.19,50.17,0
SYN0213,7,62.5,40.97,41.64,6,6.0,0,47.68,9.02,1.85,52.78,0
SYN0214,5,62.18,45.15,32.65,4,0.0,0,41.12,5.99,31.15,42.89,0
SYN0215,6,66.16,50.07,36.55,6,5.0,0,51.62,12.98,10.63,58.27,0
SYN0216,7,65.38,62.62,53.75,5,9.0,0,60.66,5.04,-19.59,62.63,0
SYN0217,8,61.36,68.7,43.1,6,8.0,0,56.46,10.48,-17.31,56.92,0
SYN0218,2,88.55,61.43,65.99,7,10.0,0,62.13,2.91,-36.6,60.86,0
SYN0219,2,63.99,54.24,56.72,6,5.0,0,56.06,1.3,15.14,56.52,0
SYN0220,2,39.98,35.63,25.6,5,6.0,0,36.86,9.73,-12.34,41.85,0
SYN0221,6,75.04,54.55,48.25,5,0.0,0,50.6,2.81,12.58,49.96,0
SYN0222,5,75.27,54.56,50.4,4,6.0,0,49.7,4.28,-7.02,47.48,0
SYN0223,2,65.71,46.4,55.89,4,5.0,0,52.53,4.35,13.33,53.64,0
SYN0224,3,47.17,39.43,38.88,3,0.0,1,38.63,0.78,3.95,38.21,1
SYN0225,5,78.76,51.23,35.25,6,0.0,0,40.58,7.53,-0.58,38.45,1
SYN0226,7,75.82,51.69,38.79,5,7.0,0,41.86,7.11,-26.08,39.16,1
SYN0227,4,100.0,92.71,75.32,10,8.0,0,85.13,7.27,8.6,86.02,0
SYN0228,8,93.6,69.23,81.14,8,8.0,0,63.52,17.19,-24.42,54.19,0
SYN0229,8,64.92,41.57,17.07,3,0.0,0,34.19,12.14,8.46,38.09,1
SYN0230,7,65.81,28.47,51.11,5,5.0,0,40.47,9.3,-1.61,41.02,0
SYN0231,5,62.43,29.21,48.17,4,0.0,0,42.77,9.66,10.16,46.04,0
SYN0232,8,69.78,43.9,42.47,5,5.0,0,41.46,2.51,-9.49,40.07,0
SYN0233,7,84.85,48.37,59.63,8,8.0,0,57.29,6.54,-10.81,59.92,0
SYN0234,5,78.15,77.59,55.11,6,8.0,0,64.5,9.54,-15.4,63.03,0
SYN0235,5,58.8,43.55,41.4,4,0.0,0,43.06,1.2,10.44,43.53,0
SYN0236,7,59.18,58.8,25.67,5,0.0,0,45.9,14.49,38.74,48.83,0
SYN0237,5,55.09,32.2,2.18,2,0.0,0,18.03,12.31,13.54,18.71,1
SYN0238,3,82.09,51.01,58.98,5,8.0,0,57.5,4.81,-12.2,59.5,0
SYN0239,8,55.12,41.11,28.42,2,5.0,0,31.79,6.68,-12.79,29.41,1
SYN0240,2,60.97,47.16,39.78,4,0.0,1,45.3,3.97,10.65,46.77,0
SYN0241,6,64.01,60.97,25.93,3,7.0,0,46.62,14.99,-16.42,49.16,0
SYN0242,6,67.11,28.1,33.81,3,7.0,0,40.29,13.4,-13.59,47.75,0
SYN0243,6,60.59,15.31,30.11,2,0.0,0,33.58,16.52,6.98,42.28,0
SYN0244,2,34.78,32.68,27.02,2,0.0,0,27.89,3.61,0.52,26.32,1
SYN0245,5,85.0,72.79,76.6,9,8.0,0,69.5,7.5,-13.06,65.35,0
SYN0246,8,49.87,46.74,41.89,5,6.0,0,37.25,10.18,-20.44,31.6,1
SYN0247,3,38.01,46.4,42.42,3,6.0,1,45.25,2.01,-10.89,45.92,0
SYN0248,6,80.73,65.99,72.03,8,7.0,0,72.68,5.74,10.15,75.61,0
SYN0249,8,86.76,85.19,92.36,7,9.0,0,86.29,4.57,-1.11,84.31,0
SYN0250,8,56.31,51.25,26.37,3,6.0,1,33.49,12.64,-29.63,29.23,1
SYN0251,5,76.49,50.51,45.87,6,0.0,0,51.14,4.59,17.14,53.5,0
SYN0252,4,71.65,65.11,66.31,7,7.0,0,57.03,12.28,-16.06,50.09,0
SYN0253,6,79.0,71.52,82.19,7,8.0,0,80.34,6.58,8.37,83.13,0
SYN0254,5,59.52,37.11,24.4,6,0.0,0,46.1,22.32,46.01,58.38,0
SYN0255,6,77.19,56.82,44.31,3,0.0,1,51.49,5.27,21.9,52.22,0
SYN0256,7,69.6,60.77,73.32,5,6.0,0,67.5,5.17,13.73,67.86,0
SYN0257,6,66.63,56.39,60.41,7,8.0,0,55.7,4.15,-18.67,53.55,0
SYN0258,3,71.41,63.32,48.54,7,6.0,0,45.1,16.45,-14.06,36.44,1
SYN0259,7,66.91,26.41,46.51,6,6.0,0,38.33,8.62,-17.72,39.82,1
SYN0260,5,61.83,24.82,31.78,4,6.0,0,25.8,4.54,-32.77,23.8,1
SYN0261,8,67.7,38.04,50.99,2,0.0,0,39.62,8.71,5.91,35.71,1
SYN0262,6,73.84,46.01,44.75,3,6.0,0,53.82,11.94,2.36,60.57,0
SYN0263,8,63.4,51.88,52.25,6,6.0,0,53.99,2.72,-3.71,55.53,0
SYN0264,8,64.42,31.8,45.39,4,5.0,0,42.32,7.65,4.47,45.3,0
SYN0265,8,73.31,46.88,47.75,5,6.0,0,49.25,2.77,-7.43,50.81,0
SYN0266,7,69.89,53.31,66.69,7,5.0,0,60.47,5.5,19.91,60.84,0
SYN0267,6,57.85,78.27,83.97,6,8.0,0,76.05,7.54,1.64,71.99,0
SYN0268,2,80.13,73.59,34.41,7,6.0,0,54.44,16.01,-1.38,54.78,0
SYN0269,4,67.69,48.59,54.42,6,8.0,0,54.02,4.27,-23.83,56.02,0
SYN0270,5,61.1,48.56,41.94,7,5.0,0,46.49,3.22,6.63,47.47,0
SYN0271,7,61.93,33.78,49.15,5,6.0,0,40.44,6.44,-14.27,39.62,1
SYN0272,6,83.74,36.16,54.1,6,7.0,0,42.42,8.27,-25.09,40.26,0
SYN0273,5,48.76,50.1,57.67,7,5.0,0,44.13,14.14,-12.35,36.33,1
SYN0274,3,78.6,62.32,85.0,7,6.0,0,73.51,9.26,14.58,73.39,0
SYN0275,7,78.36,66.46,68.78,10,9.0,0,68.78,1.9,-11.71,69.72,0
SYN0276,5,87.46,39.9,66.77,7,7.0,0,48.69,12.78,-19.06,44.98,0
SYN0277,2,64.91,37.25,16.58,5,0.0,0,31.91,11.01,3.39,35.9,1
SYN0278,3,65.64,43.01,56.23,5,0.0,1,46.03,7.41,8.74,43.16,0
SYN0279,8,72.43,67.3,66.81,10,7.0,0,57.29,13.81,-15.49,49.48,0
SYN0280,2,62.96,58.9,64.89,7,8.0,0,55.51,9.35,-28.59,50.41,0
SYN0281,4,79.32,43.6,41.87,4,7.0,0,49.35,9.37,-8.44,54.63,0
SYN0282,5,52.68,44.0,23.02,5,6.0,1,34.2,8.62,-17.6,34.76,1
SYN0283,2,84.88,53.1,61.55,6,7.0,0,54.09,5.73,-10.24,51.51,0
SYN0284,3,73.34,62.89,54.84,6,7.0,0,58.91,3.29,-1.99,58.95,0
SYN0285,8,61.25,41.43,41.87,2,0.0,0,44.92,4.63,26.27,47.54,0
SYN0286,6,66.82,33.91,57.33,6,5.0,0,49.06,10.73,5.06,51.81,0
SYN0287,3,80.04,51.57,33.63,5,6.0,0,46.21,8.93,-2.91,49.09,0
SYN0288,3,78.11,56.36,61.56,6,7.0,0,54.65,6.45,-10.22,51.21,0
SYN0289,4,52.68,55.52,47.35,5,6.0,0,47.56,6.42,-9.88,44.46,0
SYN0290,7,49.0,49.8,46.98,8,8.0,0,51.04,3.92,-17.49,53.16,0
SYN0291,7,76.7,65.1,31.5,8,6.0,0,49.2,13.78,-9.12,49.93,0
SYN0292,3,82.58,63.74,57.42,6,8.0,0,60.89,2.62,-14.17,61.14,0
SYN0293,7,76.42,63.76,39.05,8,7.0,0,57.89,13.64,-3.45,63.08,0
SYN0294,8,30.0,35.06,30.74,1,6.0,2,32.38,1.91,-22.14,31.97,1
SYN0295,3,68.73,69.26,31.42,7,5.0,0,50.19,15.45,7.51,50.07,0
SYN0296,2,80.51,73.5,52.72,5,5.0,0,63.35,8.49,22.04,63.54,0
SYN0297,8,89.56,42.76,52.07,5,0.0,0,53.73,9.71,20.13,58.79,0
SYN0298,5,71.08,39.36,59.3,6,9.0,0,45.08,10.12,-45.45,41.68,0
SYN0299,7,48.68,50.18,30.06,2,0.0,3,29.05,17.68,-9.64,20.2,1
SYN0300,4,65.67,44.77,46.08,6,6.0,0,55.45,14.19,9.04,63.47,0
SYN0301,4,88.37,55.56,62.69,6,8.0,0,64.6,8.28,-8.15,68.99,0
SYN0302,3,51.65,32.61,48.35,4,5.0,2,30.59,15.39,-18.02,22.68,1
SYN0303,3,70.15,64.7,65.18,9,9.0,0,60.82,5.83,-25.33,57.53,0
SYN0304,5,85.32,48.02,42.64,6,0.0,0,49.42,6.18,36.22,52.69,0
SYN0305,2,85.73,45.11,47.06,7,5.0,0,46.43,0.94,-3.2,46.71,0
SYN0306,7,69.57,35.35,22.11,3,0.0,2,29.89,5.65,-0.21,30.82,1
SYN0307,5,58.53,41.87,51.09,5,0.0,0,52.89,9.81,46.8,58.01,0
SYN0308,8,91.52,55.89,44.46,6,9.0,0,51.28,4.92,-32.7,52.16,0
SYN0309,5,82.12,80.61,64.63,6,7.0,0,64.45,13.27,-5.94,57.92,0
SYN0310,4,92.3,71.81,69.73,9,9.0,0,72.19,2.18,-15.55,73.33,0
SYN0311,5,93.79,72.37,88.8,7,10.0,0,77.29,8.17,-21.44,74.66,0
SYN0312,3,80.58,51.52,42.77,4,6.0,0,52.5,8.38,3.98,56.79,0
SYN0313,7,95.1,67.08,67.31,6,8.0,0,72.89,8.05,2.49,77.44,0
SYN0314,7,80.6,49.28,74.65,4,7.0,0,61.09,10.43,-7.9,60.39,0
SYN0315,3,81.98,33.63,72.02,7,9.0,0,57.82,17.19,-18.27,61.81,0
SYN0316,6,51.16,35.57,39.56,8,0.0,0,39.9,3.68,6.28,41.77,0
SYN0317,5,71.74,34.73,53.46,7,5.0,0,47.1,8.75,3.57,49.51,0
SYN0318,3,58.04,23.01,43.07,2,6.0,0,36.87,9.82,-18.52,39.93,1
SYN0319,2,69.07,49.75,63.69,9,6.0,0,59.87,7.23,5.33,62.39,0
SYN0320,7,73.18,54.14,30.36,5,0.0,1,43.97,10.01,29.7,45.34,0
SYN0321,3,94.0,59.27,57.45,5,6.0,0,61.61,4.65,4.39,64.21,0
SYN0322,5,80.55,63.28,30.74,5,8.0,0,47.93,13.35,-22.39,48.68,0
SYN0323,3,84.78,67.55,63.97,9,8.0,0,62.19,5.26,-19.89,59.33,0
SYN0324,6,90.26,67.23,63.06,7,6.0,0,63.89,2.46,10.43,62.89,0
SYN0325,2,89.34,60.67,66.73,6,8.0,0,66.8,5.03,-1.59,69.27,0
SYN0326,4,79.73,64.45,40.13,7,7.0,0,55.79,11.09,-4.13,58.59,0
SYN0327,5,44.11,44.4,44.82,1,0.0,0,50.18,7.88,18.07,54.64,0
SYN0328,5,73.18,45.79,53.61,5,0.0,0,47.76,4.21,17.6,46.21,0
SYN0329,6,58.65,46.54,30.12,5,0.0,0,39.86,7.04,6.15,41.09,0
SYN0330,3,53.19,52.89,41.82,5,6.0,0,51.29,7.17,-2.35,54.44,0
SYN0331,5,85.56,61.21,49.51,7,7.0,0,60.54,8.75,2.2,64.69,0
SYN0332,7,76.21,47.09,45.65,8,8.0,0,60.76,20.36,0.45,72.27,0
SYN0333,4,79.21,33.65,37.12,6,0.0,0,36.32,1.94,9.23,37.07,1
SYN0334,3,67.81,43.33,53.27,6,5.0,0,46.72,4.63,-0.21,45.45,0
SYN0335,7,70.74,55.78,43.61,7,7.0,0,46.97,6.29,-22.97,44.78,0
SYN0336,7,59.89,32.6,44.69,5,5.0,1,36.54,5.76,-13.85,34.86,1
SYN0337,6,63.72,46.02,37.4,6,5.0,0,43.37,4.23,-0.92,44.69,0
SYN0338,7,71.72,60.9,56.27,6,7.0,0,61.14,4.08,0.63,63.18,0
SYN0339,7,72.57,69.47,60.76,7,6.0,0,66.58,4.12,10.55,67.75,0
SYN0340,7,75.27,73.56,66.23,6,7.0,0,71.66,3.89,11.37,73.06,0
SYN0341,5,39.76,42.97,20.59,1,0.0,0,28.78,10.08,-7.75,26.37,1
SYN0342,2,62.21,45.11,36.17,5,7.0,0,44.04,6.04,-19.92,46.76,0
SYN0343,6,75.65,69.73,35.85,5,5.0,0,64.36,21.43,29.11,73.62,0
SYN0344,3,78.13,50.86,48.75,6,6.0,0,53.74,5.62,2.04,56.88,0
SYN0345,7,71.03,78.16,53.37,10,7.0,0,64.36,10.32,-0.43,63.23,0
SYN0346,5,47.74,33.07,33.35,3,0.0,0,28.05,7.31,6.59,23.91,1
SYN0347,8,73.11,42.4,39.03,6,6.0,0,37.86,4.27,-22.08,35.58,1
SYN0348,6,85.98,39.8,82.57,8,7.0,0,64.38,18.04,0.34,66.93,0
SYN0349,5,63.08,35.3,14.74,3,0.0,2,25.94,8.5,-5.03,26.68,1
SYN0350,8,86.0,50.78,67.89,8,10.0,0,63.18,8.85,-26.27,66.25,0
SYN0351,5,66.53,65.41,41.72,6,7.0,0,54.08,9.7,-10.13,54.48,0
SYN0352,4,69.35,75.5,53.68,9,6.0,0,66.78,9.43,9.62,68.54,0
SYN0353,4,67.46,38.75,45.92,6,0.0,0,39.44,5.04,3.84,37.12,1
SYN0354,8,82.18,63.03,33.18,5,7.0,0,47.83,12.19,-13.97,47.61,0
SYN0355,7,93.0,55.2,64.02,7,7.0,0,62.15,5.09,-1.79,64.19,0
SYN0356,3,82.62,48.15,73.65,8,0.0,0,61.3,10.43,26.38,61.63,0
SYN0357,5,71.55,62.2,47.75,6,5.0,0,56.19,6.14,14.11,57.17,0
SYN0358,4,61.91,54.41,55.97,7,5.0,0,51.53,5.21,0.74,48.61,0
SYN0359,6,58.45,61.31,52.6,5,0.0,1,54.62,4.85,14.71,52.75,0
SYN0360,2,70.72,45.96,46.96,4,0.0,0,44.33,3.05,4.67,42.62,0
SYN0361,6,66.9,60.73,42.32,6,6.0,0,48.65,8.55,-7.46,46.34,0
SYN0362,7,69.09,56.85,29.25,4,7.0,0,43.31,11.27,-19.91,43.52,0
SYN0363,3,82.97,69.76,67.75,6,9.0,0,72.64,5.56,-13.79,75.75,0
SYN0364,3,54.76,37.57,38.05,5,0.0,1,40.88,4.35,4.85,43.34,0
SYN0365,6,63.35,50.5,37.86,6,0.0,0,48.74,8.26,17.01,52.39,0
SYN0366,3,88.51,65.27,67.1,7,7.0,0,72.62,9.13,12.52,77.77,0
SYN0367,8,58.95,36.7,36.15,5,5.0,0,50.66,20.14,16.44,62.05,0
SYN0368,7,63.95,50.93,35.94,4,6.0,0,35.43,12.87,-23.42,29.02,1
SYN0369,8,74.86,60.64,59.07,6,8.0,0,54.68,7.35,-23.68,50.54,0
SYN0370,5,68.83,66.24,44.36,8,7.0,0,54.74,8.97,-7.14,54.29,0
SYN0371,8,66.09,67.68,61.94,5,6.0,0,56.73,11.66,-7.57,50.27,0
SYN0372,2,97.06,79.45,48.75,8,7.0,0,60.55,13.5,-8.14,57.7,0
SYN0373,4,68.75,56.68,51.92,6,6.0,1,55.49,2.57,4.3,56.45,0
SYN0374,2,60.01,64.01,80.21,5,8.0,0,63.34,14.06,-15.8,56.32,0
SYN0375,6,59.31,51.28,68.46,5,8.0,0,60.75,7.12,-8.6,61.45,0
SYN0376,5,94.77,74.78,75.58,10,7.0,0,76.82,2.34,9.92,78.13,0
SYN0377,4,68.44,44.23,37.82,6,6.0,0,45.78,7.22,-7.46,49.59,0
SYN0378,4,48.4,49.17,23.64,1,0.0,2,35.62,10.48,19.45,35.0,1
SYN0379,6,97.91,71.24,67.79,6,6.0,0,72.54,4.5,24.22,74.96,0
SYN0380,3,41.48,45.63,45.95,5,6.0,0,44.24,2.19,-15.32,43.01,0
SYN0381,5,74.99,65.17,50.42,8,5.0,0,65.32,12.23,23.6,71.34,0
SYN0382,6,97.97,43.07,63.58,7,5.0,0,58.97,11.57,15.5,63.49,0
SYN0383,3,43.49,16.68,31.28,5,0.0,3,18.67,9.58,-20.26,14.43,1
SYN0384,3,53.86,48.14,21.42,4,0.0,1,31.0,12.15,-2.26,27.98,1
SYN0385,4,46.87,37.43,27.97,4,0.0,1,25.02,11.53,-14.61,18.87,1
SYN0386,6,53.99,47.08,52.1,3,6.0,0,47.13,4.04,-12.94,45.15,0
SYN0387,3,71.94,43.16,39.82,7,5.0,0,46.06,6.6,8.85,49.71,0
SYN0388,4,88.6,57.0,53.67,6,5.0,0,54.12,2.19,7.51,53.15,0
SYN0389,5,89.71,74.89,44.16,7,7.0,0,66.67,16.11,11.73,72.38,0
SYN0390,3,52.58,46.88,36.83,2,5.0,1,41.8,4.1,-0.92,41.75,0
SYN0391,5,63.42,31.72,22.0,2,5.0,2,28.98,4.97,-11.5,30.67,1
SYN0392,2,71.19,48.33,67.12,6,5.0,0,51.83,11.32,3.48,47.12,0
SYN0393,2,81.18,43.73,50.97,5,6.0,0,42.51,7.45,-12.62,38.65,1
SYN0394,3,74.24,35.32,40.65,7,5.0,0,44.49,9.45,7.83,49.69,0
SYN0395,4,78.78,61.52,64.98,6,10.0,0,62.89,1.5,-27.92,62.6,0
SYN0396,2,75.03,61.98,43.22,5,0.0,0,44.74,13.5,-0.16,38.46,1
SYN0397,8,100.0,43.74,51.86,9,9.0,0,51.29,5.95,-32.32,54.09,0
SYN0398,4,80.35,47.79,56.14,7,5.0,0,52.79,3.6,10.15,53.44,0
SYN0399,7,69.45,45.71,50.4,5,9.0,0,50.39,3.82,-31.51,52.26,0
SYN0400,8,71.69,35.78,52.79,5,7.0,1,40.35,8.9,-27.3,37.2,1
SYN0401,7,65.18,51.01,39.91,4,0.0,0,44.42,4.77,12.77,43.58,0
SYN0402,7,67.94,33.25,45.54,4,0.0,0,43.45,7.62,10.48,46.69,0
SYN0403,2,87.01,66.22,51.61,8,8.0,0,60.12,6.2,-17.36,61.08,0
SYN0404,4,66.48,55.96,39.98,3,6.0,0,50.19,7.24,-2.48,51.97,0
SYN0405,7,78.23,54.69,67.81,8,6.0,0,64.77,7.31,10.8,67.58,0
SYN0406,6,67.66,24.84,54.45,5,5.0,0,41.26,12.3,-2.78,42.55,0
SYN0407,2,72.11,41.11,67.89,5,7.0,0,51.05,11.97,-12.51,48.29,0
SYN0408,5,82.75,72.49,83.87,7,6.0,0,74.5,6.98,14.23,71.56,0
SYN0409,7,32.14,5.29,18.23,3,0.0,3,19.68,12.39,15.04,26.02,1
SYN0410,7,62.82,36.28,37.59,3,0.0,2,34.72,3.17,4.06,32.95,1
SYN0411,4,46.05,26.17,21.95,4,0.0,2,30.7,9.55,5.53,36.02,1
SYN0412,3,33.05,37.84,17.48,2,0.0,4,30.52,9.24,-1.08,32.8,1
SYN0413,4,62.72,38.94,36.32,3,7.0,0,45.14,10.67,-9.53,51.14,0
SYN0414,4,78.85,63.43,46.47,6,7.0,0,64.5,15.18,10.88,72.15,0
SYN0415,4,61.1,55.12,35.77,7,5.0,0,42.57,8.89,-8.72,40.27,0
SYN0416,4,79.84,72.46,50.77,8,7.0,0,59.1,9.55,-6.49,57.08,0
SYN0417,5,69.55,60.63,48.24,8,6.0,0,57.86,7.0,6.43,60.6,0
SYN0418,2,80.45,68.71,73.37,6,7.0,0,69.41,2.99,4.14,68.11,0
SYN0419,3,64.32,36.69,39.49,6,5.0,0,39.47,2.26,-0.09,40.57,0
SYN0420,4,83.96,77.1,95.28,9,5.0,0,73.6,19.29,14.71,63.53,0
SYN0421,3,73.77,45.48,46.29,7,7.0,0,48.53,3.75,-10.11,50.64,0
SYN0422,8,52.52,38.55,42.38,5,6.0,0,37.47,4.52,-17.23,35.06,1
SYN0423,6,70.64,46.27,29.87,5,5.0,1,40.54,7.55,-7.31,42.52,0
SYN0424,8,55.47,22.36,53.67,3,5.0,0,33.15,14.52,-13.95,29.25,1
SYN0425,5,44.04,45.96,53.38,4,5.0,0,41.96,11.31,-6.52,35.8,1
SYN0426,2,48.95,58.44,49.84,3,6.0,0,52.84,3.96,-4.27,51.81,0
SYN0427,8,78.55,62.84,43.84,7,8.0,0,56.6,9.02,-10.83,59.2,0
SYN0428,5,86.21,52.83,70.51,8,9.0,0,67.67,11.14,-7.68,72.48,0
SYN0429,6,54.99,37.69,23.59,4,0.0,2,41.54,16.45,34.69,50.25,0
SYN0430,4,74.13,63.39,70.47,4,7.0,0,64.56,4.43,-0.71,62.66,0
SYN0431,5,61.51,23.43,48.38,5,6.0,0,39.04,11.11,-12.88,41.55,0
SYN0432,5,83.77,46.01,56.29,9,5.0,0,48.49,5.63,-1.46,46.37,0
SYN0433,3,58.94,59.71,22.14,5,6.0,0,38.35,15.76,-20.23,36.29,1
SYN0434,5,40.71,37.32,20.44,3,0.0,1,35.96,12.15,23.71,41.62,0
SYN0435,7,70.11,65.23,67.52,7,5.0,0,61.13,7.48,9.52,56.93,0
SYN0436,2,66.61,64.99,57.35,7,0.0,0,51.0,14.71,11.28,42.87,0
SYN0437,2,75.95,51.76,56.95,3,5.0,0,51.1,5.07,-1.25,48.49,0
SYN0438,7,55.29,48.51,21.66,4,6.0,1,35.89,11.02,-13.48,36.53,1
SYN0439,5,40.98,73.03,46.81,4,6.0,1,50.58,16.99,-14.7,43.12,0
SYN0440,8,59.41,54.17,65.92,5,7.0,0,57.59,5.92,-13.22,55.62,0
SYN0441,6,60.83,42.4,30.09,5,0.0,0,45.9,14.55,14.35,53.63,0
SYN0442,6,68.7,59.63,53.63,8,9.0,0,52.74,6.02,-36.0,49.63,0
SYN0443,8,70.39,60.06,57.08,8,6.0,0,51.62,9.9,-6.67,46.06,0
SYN0444,6,84.38,59.61,60.73,8,7.0,0,66.65,9.17,3.61,71.83,0
SYN0445,4,63.93,38.59,26.36,5,6.0,0,39.58,11.22,-5.75,45.26,0
SYN0446,5,64.38,61.12,31.36,7,5.0,1,39.4,15.53,-10.05,33.92,1
SYN0447,3,75.31,65.71,57.8,7,8.0,0,55.75,9.09,-26.36,50.95,0
SYN0448,4,59.09,41.69,45.22,4,5.0,0,41.59,3.01,-6.94,40.09,0
SYN0449,6,86.2,72.06,55.69,5,9.0,0,63.97,6.68,-24.51,64.05,0
SYN0450,3,60.47,54.79,49.41,8,6.0,0,58.49,9.29,9.79,63.59,0
